<?xml version="1.0" encoding="UTF-8"?>
<!-- This package has been created with Moodle 3.8.3+ (Build: 20200529) (2019111803.07) http://moodle.org/, Book module version 2019111800 - https://github.com/skodak/moodle-mod_book -->
<!-- One idea and implementation by Eloy Lafuente (stronk7) and Antonio Vicent (C) 2001-3001 -->
<manifest xmlns="http://www.imsglobal.org/xsd/imscp_v1p1" xmlns:imsmd="http://www.imsglobal.org/xsd/imsmd_v1p2" xmlns:xsi="http://www.w3.org/2001/XMLSchema-instance" identifier="MANIFEST-4951aa9b006d99985ad0503a31613741" xsi:schemaLocation="http://www.imsglobal.org/xsd/imscp_v1p1 imscp_v1p1.xsd http://www.imsglobal.org/xsd/imsmd_v1p2 imsmd_v1p2p2.xsd">
  <organizations default="MOODLE-51-83">
    <organization identifier="MOODLE-51-83" structure="hierarchical">
      <title>Créer une IHM (Interface Homme-Machine)</title>
        <item identifier="ITEM-51-83-1" isvisible="true" identifierref="RES-51-83-1">
         <title>Création d'une IHM (Interface homme-machine)</title>
          <item identifier="ITEM-51-83-2" isvisible="true" identifierref="RES-51-83-2">
           <title>Visualiser des données</title>
          </item>
          <item identifier="ITEM-51-83-3" isvisible="true" identifierref="RES-51-83-3">
           <title>Acquérir la température</title>
          </item>
          <item identifier="ITEM-51-83-4" isvisible="true" identifierref="RES-51-83-4">
           <title>Récupération du numéro de port</title>
          </item>
          <item identifier="ITEM-51-83-5" isvisible="true" identifierref="RES-51-83-5">
           <title>Afficher une donnée</title>
          </item>
          <item identifier="ITEM-51-83-6" isvisible="true" identifierref="RES-51-83-6">
           <title>Mini-projet </title>
          </item>
        </item>
    </organization>
  </organizations>
  <resources>
    <resource identifier="RES-51-83-1" type="webcontent" xml:base="1/" href="index.html">
      <file href="1/index.html" />
      <file href="1/Screenshot (1).png" />
      <dependency identifierref="RES-51-83-css" />
    </resource>
    <resource identifier="RES-51-83-2" type="webcontent" xml:base="2/" href="index.html">
      <file href="2/index.html" />
      <file href="2/Peek 02-11-2019 18-01 (1).gif" />
      <file href="2/Peek 02-11-2019 18-01.gif" />
      <file href="2/Peek 02-11-2019 18-16 (1).gif" />
      <file href="2/Peek 02-11-2019 18-16.gif" />
      <file href="2/Peek 02-11-2019 18-22.gif" />
      <file href="2/Peek 02-11-2019 18-50 (1).gif" />
      <file href="2/Peek 02-11-2019 18-50.gif" />
      <dependency identifierref="RES-51-83-css" />
    </resource>
    <resource identifier="RES-51-83-3" type="webcontent" xml:base="3/" href="index.html">
      <file href="3/index.html" />
      <dependency identifierref="RES-51-83-css" />
    </resource>
    <resource identifier="RES-51-83-4" type="webcontent" xml:base="4/" href="index.html">
      <file href="4/index.html" />
      <dependency identifierref="RES-51-83-css" />
    </resource>
    <resource identifier="RES-51-83-5" type="webcontent" xml:base="5/" href="index.html">
      <file href="5/index.html" />
      <file href="5/Capture du 2019-10-26 13-31-25.png" />
      <file href="5/im.png" />
      <file href="5/Screenshot.png" />
      <dependency identifierref="RES-51-83-css" />
    </resource>
    <resource identifier="RES-51-83-6" type="webcontent" xml:base="6/" href="index.html">
      <file href="6/index.html" />
      <file href="6/Capture d’écran du 2020-06-12 22-07-31.png" />
      <file href="6/Capture d’écran du 2020-06-12 23-00-02.png" />
      <file href="6/Capture d’écran du 2020-06-12 23-06-01.png" />
      <file href="6/im (1).png" />
      <file href="6/im (2).png" />
      <file href="6/im (3).png" />
      <file href="6/im.png" />
      <dependency identifierref="RES-51-83-css" />
    </resource>
    <resource identifier="RES-51-83-css" type="webcontent" xml:base="css/" href="styles.css">
      <file href="css/styles.css" />
    </resource>
  </resources>
</manifest>
