<?xml version="1.0" encoding="UTF-8"?>
<!-- This package has been created with Moodle 3.8.3+ (Build: 20200529) (2019111803.07) http://moodle.org/, Book module version 2019111800 - https://github.com/skodak/moodle-mod_book -->
<!-- One idea and implementation by Eloy Lafuente (stronk7) and Antonio Vicent (C) 2001-3001 -->
<manifest xmlns="http://www.imsglobal.org/xsd/imscp_v1p1" xmlns:imsmd="http://www.imsglobal.org/xsd/imsmd_v1p2" xmlns:xsi="http://www.w3.org/2001/XMLSchema-instance" identifier="MANIFEST-bfd88a64e200bcda4449cdb90c3c0dc4" xsi:schemaLocation="http://www.imsglobal.org/xsd/imscp_v1p1 imscp_v1p1.xsd http://www.imsglobal.org/xsd/imsmd_v1p2 imsmd_v1p2p2.xsd">
  <organizations default="MOODLE-51-97">
    <organization identifier="MOODLE-51-97" structure="hierarchical">
      <title>Découverte de Micro:bit (Mode simulation)</title>
        <item identifier="ITEM-51-97-1" isvisible="true" identifierref="RES-51-97-1">
         <title>Présentation de Micro:bit</title>
          <item identifier="ITEM-51-97-2" isvisible="true" identifierref="RES-51-97-2">
           <title>Premier programme</title>
          </item>
          <item identifier="ITEM-51-97-3" isvisible="true" identifierref="RES-51-97-3">
           <title>Afficher un texte &quot;défilant&quot;</title>
          </item>
          <item identifier="ITEM-51-97-4" isvisible="true" identifierref="RES-51-97-4">
           <title>Commandes  de l'afficheur LED</title>
          </item>
          <item identifier="ITEM-51-97-5" isvisible="true" identifierref="RES-51-97-5">
           <title>Afficher une &quot;image&quot;</title>
          </item>
        </item>
        <item identifier="ITEM-51-97-6" isvisible="true" identifierref="RES-51-97-6">
         <title>La Boucle While</title>
        </item>
        <item identifier="ITEM-51-97-7" isvisible="true" identifierref="RES-51-97-7">
         <title>Boucle for</title>
        </item>
        <item identifier="ITEM-51-97-8" isvisible="true" identifierref="RES-51-97-8">
         <title>Les entrées boutons A, B et A+B</title>
        </item>
        <item identifier="ITEM-51-97-9" isvisible="true" identifierref="RES-51-97-9">
         <title>Capteur de lumière</title>
        </item>
        <item identifier="ITEM-51-97-10" isvisible="true" identifierref="RES-51-97-10">
         <title>Instructions conditionnelles if, elif, else</title>
        </item>
        <item identifier="ITEM-51-97-11" isvisible="true" identifierref="RES-51-97-11">
         <title>Capteur de température</title>
        </item>
        <item identifier="ITEM-51-97-12" isvisible="true" identifierref="RES-51-97-12">
         <title>Accéléromètre</title>
        </item>
        <item identifier="ITEM-51-97-13" isvisible="true" identifierref="RES-51-97-13">
         <title>Communication radio</title>
        </item>
    </organization>
  </organizations>
  <resources>
    <resource identifier="RES-51-97-1" type="webcontent" xml:base="1/" href="index.html">
      <file href="1/index.html" />
      <file href="1/accelerator_mb.png" />
      <file href="1/microbit-features-bluetooth.png" />
      <file href="1/microbit-features-buttons.png" />
      <file href="1/microbit-features-compass.png" />
      <file href="1/microbit-revue.png" />
      <dependency identifierref="RES-51-97-css" />
    </resource>
    <resource identifier="RES-51-97-2" type="webcontent" xml:base="2/" href="index.html">
      <file href="2/index.html" />
      <file href="2/Capture d’écran du 2019-11-02 10-45-53 (1).png" />
      <file href="2/Capture d’écran du 2019-11-02 10-45-53.png" />
      <file href="2/Capture du 2019-10-28 11-30-10.png" />
      <file href="2/Capture du 2019-10-28 11-35-35.png" />
      <file href="2/Capture du 2019-10-28 18-05-33.png" />
      <file href="2/vokoscreen-2019-10-28_11-53-41.gif" />
      <dependency identifierref="RES-51-97-css" />
    </resource>
    <resource identifier="RES-51-97-3" type="webcontent" xml:base="3/" href="index.html">
      <file href="3/index.html" />
      <dependency identifierref="RES-51-97-css" />
    </resource>
    <resource identifier="RES-51-97-4" type="webcontent" xml:base="4/" href="index.html">
      <file href="4/index.html" />
      <file href="4/beating-heart.gif" />
      <file href="4/Micro_bit_position_des_DEL.png" />
      <dependency identifierref="RES-51-97-css" />
    </resource>
    <resource identifier="RES-51-97-5" type="webcontent" xml:base="5/" href="index.html">
      <file href="5/index.html" />
      <dependency identifierref="RES-51-97-css" />
    </resource>
    <resource identifier="RES-51-97-6" type="webcontent" xml:base="6/" href="index.html">
      <file href="6/index.html" />
      <file href="6/bbc-micro-bit-roll-the-dice.gif" />
      <file href="6/Capture du 2019-10-25 11-32-14.png" />
      <dependency identifierref="RES-51-97-css" />
    </resource>
    <resource identifier="RES-51-97-7" type="webcontent" xml:base="7/" href="index.html">
      <file href="7/index.html" />
      <dependency identifierref="RES-51-97-css" />
    </resource>
    <resource identifier="RES-51-97-8" type="webcontent" xml:base="8/" href="index.html">
      <file href="8/index.html" />
      <file href="8/microbit-features-buttons.png" />
      <dependency identifierref="RES-51-97-css" />
    </resource>
    <resource identifier="RES-51-97-9" type="webcontent" xml:base="9/" href="index.html">
      <file href="9/index.html" />
      <file href="9/light-sensor.png" />
      <dependency identifierref="RES-51-97-css" />
    </resource>
    <resource identifier="RES-51-97-10" type="webcontent" xml:base="10/" href="index.html">
      <file href="10/index.html" />
      <file href="10/1*Il4o6DSKn46GrsLJU33sMg.gif" />
      <dependency identifierref="RES-51-97-css" />
    </resource>
    <resource identifier="RES-51-97-11" type="webcontent" xml:base="11/" href="index.html">
      <file href="11/index.html" />
      <file href="11/temp-sensor.png" />
      <dependency identifierref="RES-51-97-css" />
    </resource>
    <resource identifier="RES-51-97-12" type="webcontent" xml:base="12/" href="index.html">
      <file href="12/index.html" />
      <file href="12/accelero.png" />
      <file href="12/rpssim3.gif" />
      <dependency identifierref="RES-51-97-css" />
    </resource>
    <resource identifier="RES-51-97-13" type="webcontent" xml:base="13/" href="index.html">
      <file href="13/index.html" />
      <file href="13/Capture d’écran du 2020-02-11 10-42-33.png" />
      <file href="13/radio.png" />
      <dependency identifierref="RES-51-97-css" />
    </resource>
    <resource identifier="RES-51-97-css" type="webcontent" xml:base="css/" href="styles.css">
      <file href="css/styles.css" />
    </resource>
  </resources>
</manifest>
